Arena,Team,Sector,,,,
American Airlines Center,Dallas Mavericks,Transportation,,,,
Amway Center,Orlando Magic,MLM,,,,
AT&T Center,San Antonio Spurs,Telecom,,,,
Ball Arena,Denver Nuggets,Manufacturing,,,,
Barclays Center,Brooklyn Nets,Finance,,,,
Capital One Arena,Washington Wizards,Finance,,,,
Chase Center,Golden State Warriors,Finance,,,,
Crypto.com Arena,Los Angeles Clippers,Crypto,,,,
Crypto.com Arena,Los Angeles Lakers,Crypto,,,,
FedExForum,Memphis Grizzlies,Logistics,,,,
Fiserv Forum,Milwaukee Bucks,Technology/Finance,,,,
Footprint Center,Phoenix Suns,Science,,,,
FTX Arena,Miami Heat,Crypto,,,,
Gainbridge Fieldhouse,Indiana Pacers,Finance,,,,
Golden 1 Center,Sacramento Kings,Finance,,,,
Little Caesars Arena,Detroit Pistons,Food,,,,
Madison Square Garden,New York Knicks,Independent,,,,
Moda Center,Portland Trail Blazers,Insurance,,,,
Paycom Center,Oklahoma City Thunder,Technology,,,,
Rocket Mortgage FieldHouse,Cleveland Cavaliers,Technology/Finance,,,,
Scotiabank Arena,Toronto Raptors,Finance,,,,
Smoothie King Center,New Orleans Pelicans,Food,,,,
Spectrum Center,Charlotte Hornets,Telecom,,,,
State Farm Arena,Atlanta Hawks,Insurance,,,,
Target Center,Minnesota Timberwolves,Retail,,,,
TD Garden,Boston Celtics,Finance,,,,
Toyota Center,Houston Rockets,Automotive,,,,
United Center,Chicago Bulls,Transportation,,,,
Vivint Arena,Utah Jazz,Technology,,,,
Wells Fargo Center,Philadelphia 76ers,Finance,,,,